cur,url,num,type,id,name
0,/tree_chexing/mb_9/,37,mb,9,奥迪
0,/tree_chexing/mb_97/,12,mb,97,阿斯顿·马丁
0,/tree_chexing/mb_92/,5,mb,92,阿尔法·罗密欧
0,/tree_chexing/mb_151/,1,mb,151,阿尔特
0,/tree_chexing/mb_180/,4,mb,180,AC Schnitzer
0,/tree_chexing/mb_228/,1,mb,228,Artega
0,/tree_chexing/mb_12/,1,mb,12,奥克斯
0,/tree_chexing/mb_136/,19,mb,136,长安轿车
0,/tree_chexing/mb_159/,25,mb,159,长安商用
0,/tree_chexing/mb_21/,21,mb,21,长城
0,/tree_chexing/mb_129/,12,mb,129,昌河
0,/tree_chexing/mb_230/,9,mb,230,长安跨越
0,/tree_chexing/mb_231/,1,mb,231,长城华冠
0,/tree_chexing/mb_221/,5,mb,221,成功
0,/tree_chexing/mb_250/,1,mb,250,长久汽车
0,/tree_chexing/mb_26/,32,mb,26,本田
0,/tree_chexing/mb_2/,56,mb,2,奔驰
0,/tree_chexing/mb_127/,18,mb,127,别克
0,/tree_chexing/mb_3/,34,mb,3,宝马
0,/tree_chexing/mb_157/,8,mb,157,宝骏
0,/tree_chexing/mb_5/,39,mb,5,标致
0,/tree_chexing/mb_15/,26,mb,15,比亚迪
0,/tree_chexing/mb_163/,7,mb,163,北京
0,/tree_chexing/mb_82/,8,mb,82,保时捷
0,/tree_chexing/mb_211/,9,mb,211,北汽幻速
0,/tree_chexing/mb_195/,13,mb,195,北汽绅宝
0,/tree_chexing/mb_59/,5,mb,59,奔腾
0,/tree_chexing/mb_14/,14,mb,14,北汽制造
0,/tree_chexing/mb_236/,4,mb,236,宝沃
0,/tree_chexing/mb_85/,6,mb,85,宾利
0,/tree_chexing/mb_168/,7,mb,168,北汽威旺
0,/tree_chexing/mb_135/,2,mb,135,布加迪
0,/tree_chexing/mb_172/,7,mb,172,巴博斯
0,/tree_chexing/mb_216/,6,mb,216,北汽新能源
0,/tree_chexing/mb_263/,2,mb,263,比速汽车
0,/tree_chexing/mb_184/,1,mb,184,保斐利
0,/tree_chexing/mb_261/,1,mb,261,北汽瑞丽
0,/tree_chexing/mb_68/,4,mb,68,宝龙
0,/tree_chexing/mb_8/,63,mb,8,大众
0,/tree_chexing/mb_115/,14,mb,115,东风风行
0,/tree_chexing/mb_141/,11,mb,141,东风风神
0,/tree_chexing/mb_253/,4,mb,253,东风风光
0,/tree_chexing/mb_29/,11,mb,29,东南
0,/tree_chexing/mb_113/,12,mb,113,道奇
0,/tree_chexing/mb_179/,7,mb,179,DS
0,/tree_chexing/mb_197/,2,mb,197,东风风度
0,/tree_chexing/mb_205/,17,mb,205,东风小康
0,/tree_chexing/mb_235/,6,mb,235,东风·郑州日产
0,/tree_chexing/mb_215/,13,mb,215,东风御风
0,/tree_chexing/mb_27/,5,mb,27,东风
0,/tree_chexing/mb_256/,1,mb,256,东风风诺
0,/tree_chexing/mb_192/,1,mb,192,底特律电动车
0,/tree_chexing/mb_106/,6,mb,106,大宇
0,/tree_chexing/mb_66/,4,mb,66,大迪
0,/tree_chexing/mb_147/,10,mb,147,广汽传祺
0,/tree_chexing/mb_182/,5,mb,182,观致汽车
0,/tree_chexing/mb_109/,4,mb,109,GMC
0,/tree_chexing/mb_63/,24,mb,63,广汽吉奥
0,/tree_chexing/mb_252/,2,mb,252,广汽中兴
0,/tree_chexing/mb_110/,3,mb,110,光冈
0,/tree_chexing/mb_237/,1,mb,237,GTA
0,/tree_chexing/mb_133/,3,mb,133,广汽日野
0,/tree_chexing/mb_7/,50,mb,7,丰田
0,/tree_chexing/mb_17/,36,mb,17,福特
0,/tree_chexing/mb_91/,14,mb,91,法拉利
0,/tree_chexing/mb_128/,35,mb,128,福田
0,/tree_chexing/mb_40/,20,mb,40,菲亚特
0,/tree_chexing/mb_67/,10,mb,67,福迪
0,/tree_chexing/mb_208/,2,mb,208,福汽启腾
0,/tree_chexing/mb_199/,2,mb,199,飞驰商务车
0,/tree_chexing/mb_187/,1,mb,187,Faralli Mazzanti
0,/tree_chexing/mb_164/,1,mb,164,菲斯克
0,/tree_chexing/mb_61/,2,mb,61,富奇
0,/tree_chexing/mb_196/,12,mb,196,哈弗
0,/tree_chexing/mb_32/,15,mb,32,海马
0,/tree_chexing/mb_58/,8,mb,58,红旗
0,/tree_chexing/mb_259/,1,mb,259,汉腾
0,/tree_chexing/mb_112/,7,mb,112,华泰
0,/tree_chexing/mb_108/,6,mb,108,悍马
0,/tree_chexing/mb_52/,18,mb,52,黄海
0,/tree_chexing/mb_31/,19,mb,31,哈飞
0,/tree_chexing/mb_251/,2,mb,251,华泰新能源
0,/tree_chexing/mb_225/,1,mb,225,华颂
0,/tree_chexing/mb_149/,8,mb,149,海马商用车
0,/tree_chexing/mb_170/,5,mb,170,海格
0,/tree_chexing/mb_45/,2,mb,45,汇众
0,/tree_chexing/mb_44/,5,mb,44,华普
0,/tree_chexing/mb_181/,3,mb,181,恒天汽车
0,/tree_chexing/mb_124/,1,mb,124,黑豹
0,/tree_chexing/mb_262/,1,mb,262,华凯
0,/tree_chexing/mb_119/,1,mb,119,汉江
0,/tree_chexing/mb_70/,1,mb,70,航天圆通
0,/tree_chexing/mb_107/,18,mb,107,凯迪拉克
0,/tree_chexing/mb_220/,6,mb,220,凯翼
0,/tree_chexing/mb_51/,15,mb,51,克莱斯勒
0,/tree_chexing/mb_150/,11,mb,150,开瑞
0,/tree_chexing/mb_218/,3,mb,218,科瑞斯的
0,/tree_chexing/mb_213/,3,mb,213,卡威
0,/tree_chexing/mb_241/,4,mb,241,康迪全球鹰电动汽车
0,/tree_chexing/mb_145/,2,mb,145,科尼赛克
0,/tree_chexing/mb_188/,3,mb,188,卡尔森
0,/tree_chexing/mb_212/,1,mb,212,KTM
0,/tree_chexing/mb_34/,38,mb,34,吉利汽车
0,/tree_chexing/mb_4/,14,mb,4,Jeep
0,/tree_chexing/mb_35/,37,mb,35,江淮
0,/tree_chexing/mb_98/,11,mb,98,捷豹
0,/tree_chexing/mb_39/,25,mb,39,金杯
0,/tree_chexing/mb_37/,11,mb,37,江铃
0,/tree_chexing/mb_57/,4,mb,57,金龙
0,/tree_chexing/mb_152/,4,mb,152,九龙
0,/tree_chexing/mb_224/,3,mb,224,江铃集团轻汽
0,/tree_chexing/mb_38/,4,mb,38,江南
0,/tree_chexing/mb_161/,3,mb,161,金旅客车
0,/tree_chexing/mb_74/,3,mb,74,金程
0,/tree_chexing/mb_121/,1,mb,121,吉林江北
0,/tree_chexing/mb_18/,30,mb,18,马自达
0,/tree_chexing/mb_93/,8,mb,93,玛莎拉蒂
0,/tree_chexing/mb_79/,9,mb,79,MG
0,/tree_chexing/mb_81/,13,mb,81,MINI
0,/tree_chexing/mb_183/,8,mb,183,迈凯伦
0,/tree_chexing/mb_88/,4,mb,88,迈巴赫
0,/tree_chexing/mb_201/,7,mb,201,摩根
0,/tree_chexing/mb_55/,6,mb,55,美亚
0,/tree_chexing/mb_96/,9,mb,96,路虎
0,/tree_chexing/mb_94/,15,mb,94,雷克萨斯
0,/tree_chexing/mb_36/,8,mb,36,陆风
0,/tree_chexing/mb_16/,26,mb,16,铃木
0,/tree_chexing/mb_153/,24,mb,153,猎豹汽车
0,/tree_chexing/mb_95/,11,mb,95,林肯
0,/tree_chexing/mb_76/,17,mb,76,力帆
0,/tree_chexing/mb_99/,13,mb,99,雷诺
0,/tree_chexing/mb_86/,5,mb,86,兰博基尼
0,/tree_chexing/mb_80/,6,mb,80,劳斯莱斯
0,/tree_chexing/mb_146/,11,mb,146,莲花
0,/tree_chexing/mb_83/,3,mb,83,路特斯
0,/tree_chexing/mb_229/,6,mb,229,雷丁电动
0,/tree_chexing/mb_200/,2,mb,200,蓝海房车
0,/tree_chexing/mb_166/,1,mb,166,理念
0,/tree_chexing/mb_249/,4,mb,249,陆地方舟
0,/tree_chexing/mb_255/,1,mb,255,LeSEE
0,/tree_chexing/mb_223/,1,mb,223,领志
0,/tree_chexing/mb_227/,1,mb,227,朗世
0,/tree_chexing/mb_101/,1,mb,101,罗孚
0,/tree_chexing/mb_84/,10,mb,84,讴歌
0,/tree_chexing/mb_171/,2,mb,171,欧朗
0,/tree_chexing/mb_104/,12,mb,104,欧宝
0,/tree_chexing/mb_243/,1,mb,243,欧联
0,/tree_chexing/mb_155/,6,mb,155,纳智捷
0,/tree_chexing/mb_234/,1,mb,234,Noble
0,/tree_chexing/mb_28/,33,mb,28,起亚
0,/tree_chexing/mb_42/,35,mb,42,奇瑞
0,/tree_chexing/mb_156/,9,mb,156,启辰
0,/tree_chexing/mb_43/,6,mb,43,庆铃
0,/tree_chexing/mb_226/,2,mb,226,乔治·巴顿
0,/tree_chexing/mb_185/,2,mb,185,帕加尼
0,/tree_chexing/mb_210/,1,mb,210,皮特比尔特卡车
0,/tree_chexing/mb_191/,2,mb,191,PGO
0,/tree_chexing/mb_105/,1,mb,105,旁蒂克
0,/tree_chexing/mb_10/,16,mb,10,斯柯达
0,/tree_chexing/mb_25/,23,mb,25,三菱
0,/tree_chexing/mb_111/,9,mb,111,斯巴鲁
0,/tree_chexing/mb_260/,1,mb,260,斯威
0,/tree_chexing/mb_165/,5,mb,165,上汽大通MAXUS
0,/tree_chexing/mb_102/,10,mb,102,双龙
0,/tree_chexing/mb_89/,5,mb,89,smart
0,/tree_chexing/mb_209/,3,mb,209,山姆
0,/tree_chexing/mb_242/,4,mb,242,STARTECH
0,/tree_chexing/mb_50/,4,mb,50,双环
0,/tree_chexing/mb_239/,4,mb,239,赛麟SALEEN
0,/tree_chexing/mb_137/,1,mb,137,世爵
0,/tree_chexing/mb_169/,3,mb,169,陕汽通家
0,/tree_chexing/mb_103/,2,mb,103,萨博
0,/tree_chexing/mb_117/,1,mb,117,三星
0,/tree_chexing/mb_244/,1,mb,244,上喆汽车
0,/tree_chexing/mb_73/,1,mb,73,顺旅
0,/tree_chexing/mb_30/,37,mb,30,日产
0,/tree_chexing/mb_78/,10,mb,78,荣威
0,/tree_chexing/mb_142/,7,mb,142,瑞麒
0,/tree_chexing/mb_189/,3,mb,189,特斯拉
0,/tree_chexing/mb_202/,5,mb,202,泰卡特
0,/tree_chexing/mb_175/,1,mb,175,腾势
0,/tree_chexing/mb_54/,6,mb,54,天马
0,/tree_chexing/mb_56/,1,mb,56,通田
0,/tree_chexing/mb_48/,13,mb,48,五菱
0,/tree_chexing/mb_19/,19,mb,19,沃尔沃
0,/tree_chexing/mb_132/,3,mb,132,五十铃
0,/tree_chexing/mb_207/,4,mb,207,潍柴英致
0,/tree_chexing/mb_140/,4,mb,140,威麟
0,/tree_chexing/mb_186/,2,mb,186,威兹曼
0,/tree_chexing/mb_247/,1,mb,247,潍柴欧睿
0,/tree_chexing/mb_46/,4,mb,46,万丰
0,/tree_chexing/mb_53/,34,mb,53,一汽
0,/tree_chexing/mb_100/,19,mb,100,英菲尼迪
0,/tree_chexing/mb_258/,2,mb,258,驭胜
0,/tree_chexing/mb_138/,5,mb,138,野马汽车
0,/tree_chexing/mb_41/,11,mb,41,依维柯
0,/tree_chexing/mb_178/,8,mb,178,宇通
0,/tree_chexing/mb_75/,5,mb,75,永源
0,/tree_chexing/mb_238/,2,mb,238,御捷
0,/tree_chexing/mb_245/,1,mb,245,游侠汽车
0,/tree_chexing/mb_194/,1,mb,194,扬州亚星客车
0,/tree_chexing/mb_118/,1,mb,118,云豹
0,/tree_chexing/mb_126/,1,mb,126,云雀
0,/tree_chexing/mb_47/,1,mb,47,仪征
0,/tree_chexing/mb_13/,43,mb,13,现代
0,/tree_chexing/mb_49/,29,mb,49,雪佛兰
0,/tree_chexing/mb_6/,22,mb,6,雪铁龙
0,/tree_chexing/mb_174/,10,mb,174,星客特
0,/tree_chexing/mb_71/,8,mb,71,新凯
0,/tree_chexing/mb_87/,3,mb,87,西雅特
0,/tree_chexing/mb_264/,1,mb,264,小鹏汽车
0,/tree_chexing/mb_65/,2,mb,65,新大地
0,/tree_chexing/mb_62/,2,mb,62,新雅途
0,/tree_chexing/mb_77/,21,mb,77,众泰
0,/tree_chexing/mb_60/,18,mb,60,中华
0,/tree_chexing/mb_233/,3,mb,233,知豆
0,/tree_chexing/mb_33/,12,mb,33,中兴
0,/tree_chexing/mb_167/,7,mb,167,中欧奔驰房车
0,/tree_chexing/mb_214/,2,mb,214,浙江卡尔森
0,/tree_chexing/mb_203/,2,mb,203,之诺
0,/tree_chexing/mb_246/,1,mb,246,重汽王牌
0,/tree_chexing/mb_204/,1,mb,204,中通客车
0,/tree_chexing/mb_64/,4,mb,64,中客华北
0,/tree_chexing/mb_72/,2,mb,72,中顺
